,id,accountId,puuid,name,profileIconId,revisionDate,summonerLevel
0,4UgL0Vw7HZ_r_vKDr9M8XidYwzsWCKT1e_a3R9jw3CYIVq0,r7jzgA3dV9AYmwhWK59xii2KiDHwyC-_Ylpo12t-Uc9UGF0U1VZlgkCn,NgxbLvPWCIiVcbICvK03pLgVJcRhxCsKVg1HEXmfwUYr-2QD4KYRlW7wSufEzWus_YGL8_aPZyFOsg,apapapslsl,29,1584347196000,38
1,pak7tTObh7QWsWGLNPk8G3bqLQChGel5s4DWAekq0ccgUng,DbVy5K50cZyHOcF7FZATTWB_NORGdkWSbc0_6UPwXr_x9fU,jd6Y3CeVAa5JvUYzjLkAxGNedEGkhlFb89MxpXt5Gnq4YM9YAVaeWVk_YA6NlUt4qS8G1-CltcB9ZA,뽀허니,3872,1584483891000,408
2,Cy8OBh4CMw1HpaIeTmmOPbpMOUn-iYyMC7w8rpgKJJtmurY,uOvrUDvJWtC-Orz4sutqX7v8OZFGovLLlDfpYaLtH9dQxU0,0ULt9Fo_sA2xmZcOIxhMoOt8VyDI3YNFLaH-ZYN_2C_ybF-26pC5rb8fetFL7iyW4GAh4e-7-dj6CA,레 핸,4248,1584401234000,273
3,99lx2rS_zQ1E3HdyZA70iXKm-A8tfu2IWYL1ipwwSo_Asw,gv1XlsVppHi_PUklL919hY7Ef8KA8KsK7HVEyUf88JnI,ad22frVykwDpF4-saHGHQmkvhfCaF03XIeut6-hj3qLWGTLYWmDikrNwpEoLKPoONoEtkbo93evHKQ,압도적인,4363,1584677251000,141
4,VIuPmUf43KoYJ_QvViCjpmU6l7rD9enn2OIc83Dy4ismcGM,UXqKxo8qo03SOLJG3LuprVpSFTbon3GH7Fewr6lpBr1jWjGTsDN38Ae9,YN-vvkJ6b7xKlqeq4WHHN-j0CHD440Li3lJlV7z5ahsevm4XjpYqpUeaEtAcKSQ0ZgLtC_Wg2u_z-A,샌드박스세레니티,6,1584584014000,48
5,ZraFa1kdivM9cYDmubRhA605eW7Vv2vMqTjZ5p6YcC4tyRM,ph-FZLDix1BdoChjDEh5dDVsi58rQk-9VItT994AkoIJWfbPTzGe1fFl,OwrvCJhnKkFET4dfCg3QC-JRuHDDvq8iI8ywy_I_SQW8Hbkz5lXUtVyXsefnlk443z_WLSkTjaCu2w,ELaB HoPung,502,1584006739000,306
6,hgJW3kzvNo4jZ_FSI246W7CX3ufLZ-cQvdeHWwSVzKYdhKk,RY_DGJM3PbsDPkomh23O5cTf8iYCpvQ_1VPnUJqJEUhcdkABh-koaO3w,QtBG-GYDYEoOFbt-5e0VIfMConRsqSaYgGXPCVUyNdtNWfL3TVqns3af-KcVt7K_3d8YGjR2NuZwuA,이현이댜,3839,1584438164000,62
7,99bHocMo0URHP6p-gZ02brzPbBkezxiK3GPOXbJLEcnshGU,7Kv9cH6WP0DclJhlf3zXYuHwpTVMLgiuu4Z8uWckBl4NPGc,B_iLZpzxtVTZDDwx_CupFCwv_1GJKf4Ph3g8ptyiRv_Jpm7F2WURsVwmVFyHfxfVOMBvxzWTU0KiYg,I only top,1296,1584179064000,88
8,biCoUfk_ro9s7SAfT38t8PoenEcP3mLvF2tFKzgH4kgd16I,uaBZfq2jvA0_v9HxeyCDYXrjusjXsBMEKNRvYiSJTYTHGPA,P9Fjsea_ewfUzni3nKtQrtZKoq3G2GbLk-L-V1XVYKV9LNfnc6N55YEyGXMnt-V4X16UanrMiZ1F8w,암살몬,3860,1584499937000,118
9,G0fZ4xeaViIqkLpscicJgfjF01mcZ4kTGDqT94lFlU2j-UE,YgYe9_8kMTyfZEvHgrcCWIYHtMlSH03QssGqVErybmv6Ars,Aqm2LV8UWNFOdesfoKEYhrEN55mpMsYt4qfgUpILr7jMaxGADS_Tir1ULE_0ZKKWUSwptJRegW_nwA,sival warwick,4230,1584280319000,162
10,0UZhzg9H1JNTikvH0KYwTQqoo2ordOmL6Bgu3mMBX-gmUXw,ETG366_UPh5QF5VufxtjVf7gb_PmKSxMRBJC-vD85gxNIVS26ygUKKz8,cY_xNOvUX-klLtOZPU94NlXgLP0wk1fhQlH3yA6eCUWwVKwzxjZOdk0PMFRXqAGi_jsvqulb7CfQyQ,KkOma19,6,1583966807000,151
11,PFUwDt0UuSDhyC0wWWBu_XsCx1bjKNCMjsCW0JWCKKhWBng,_5Y2OQxoDPoh9pyFywlkGliZzq3_Pqay7hhVVN0YoQf-GVv9S7L23gZo,Roqycw9ijwHztyRgbtBOP9CzA-OdCT_Nt2dawiQWKYA4MFjU4GkfXE2Y2R0ct7zdQniExVyuZgePwA,세계 챔피언0534,4492,1582856252000,63
12,gROC3d5DrI5c7bWlpfDr9r-iS_-5eE4Fe7ijfTvJCeVjUA8,eFz3O75RQnDbiPpfmtlVMYKjD5h5XXlv9Yf8mAw-H3_EktWDwFfRi7vv,CfnppMLprtG3WZ8FCGo5zedXEIDNTODYtXFZwwfwsWoUuSReR6D4pLKNrFVyqJMU11Qi6glKGKZ3yw,IllIllIlllIlllll,3230,1584632591000,131
13,qMCYdShZAEnZ22flGFRiaKJo3uSFViF0Cfz7pjva5orP_LQ,8MNwCFm8yw08Hk0ythR15Y6x8m--zO3H-EXUi9NIBxdhFWte3VIUlv0v,NrwzsbtJWoas-fSuNWAXadWOKR4e9C9mJMhCCgiUlei1_n4us3U6HRj_vaG42-wwXWPASb32pLj0lQ,prob,3800,1584614529000,69
14,zoKOiSpyVJB8HiNtXaK9PRIX7irawwNqXp_Y54EC4moKqw,7b2tfJV5ApzLUiUlBCKDKKBMTWMPi35tTQxBpId1vl70,8ornU33XKl4qHWAIDpSx1kh_n-rkz1fXcRKXk1Z1ZJ3SV8Ykz7qTYqhoX2X-tho_b3XM-2Ep30l3Dw,호잇호잇이,6,1584710353000,182
15,AUHyLxlts-VbZtcg0Gwdont6XppO_-qPNal3hXHdDhwkRfw,YAW0TeWTTZKXzN18_3lrVhycE2H5aEl3wBhqTjhZTcZsAkowNokekm3S,p7cAfKk-R8lLaclzSBOZ-9Y6r1ympMW7sjinokKibdG7CaTLsTMt85h_6Cm9xxyVoFUwNyVAk_RHtQ,626626626,1297,1584053792000,224
16,hnG8WqjQhLJ-A_4ww8tDXZRDdZM5z13MbhX-xYV3JZ2_Ag,4EdB3twx19jSXLbwJY1qbSAKWyRoCxStlFuuwCY22MnV,LcXhH8M2-lB-YH7N_Dn5BLYDPtvqryXq1aFMkkFcAn86uycxiE4pPA4eFjva_VsYPRXfi2ZLGTVxqQ,질 듯,4021,1584624233000,315
17,nY2RBKj8vesM_iJ-_S1Z0810EGQUL8S7pFudarT1dxT2Tdk,0-iAgho1lJ9a-Cn3SiWWFB6f34fKPc_KSofRF52sCckymR2dRqJXIiEI,E6GVQ1CNmsat0aGm3RQNSmPWN7OBTgkGJ71mhVClACe3XrBU2tvI-UHXM8u07iSXJIM6Qr5Z3UM1HA,Gondry47,4030,1584372023000,47
18,zNpD2zJAU9uN0AM3zuq0zAX8CkA7IpZifVLxxGEy_yohQDQ,o_3ktVOJdYUOvwnYOtVo2srD8r-9iZKCGe8KooDYSWgO2eQ,X3alBm7XBXO83n0NI6haP7V2WF7KCQ4qUqAzLLw8OJQNcRyMx0up1LD88aOW7XUXHG6y663wbDRwgg,proromoE,7,1584610429000,140
19,NZsKptNq3LrpQVEWSJN_IzVt5mshtVPyxiqgM5qeuxYYRbU,9XE_JvI_yKryQlc7bqexAgsovoLAPkA0a_Z9qOx-RsBY,gHTFG_D5m0oy2DxTgLR7TU9AjLZAlarvrNQ3hmW7YlvJRBHvHnWHWGHkIzcI1tyJRRKU714L8SL7ow,VaIhaIIa,982,1584472930000,319
20,2gXnvOBrOOTm782fNUeB8KZp_P4Sw6PZETmiBxNfDixScXs,SwkXxxK5H418YDaeHXpv4Jq-Nm5TwFZtEhDSDu_2btFn_vXgXeGW_fdW,8_umjMOo2kGb8MztOeBIfUvYyNCcQTUZUBIF3_mspDU8X8huwXqDjtz1_E0oXKOyAKHZ4Avft7LdUg,바텀만파정글년아,7,1584001876000,144
21,Z54Cxb0dZa1I__Vpk08hyM9CrclyhjP1L6P8gGSv8JiORSI,6zSXjf8k49epYiCdUnyQvbmw5KQTj2YIwM0g3ZRWynMAvrGDb5lkJYvb,RAl_vn2fzmUu4nnJHf_zW59ooactj-NhXUqcDvQLxNRaVXwqAHXsdCurVXqYwQOybLPdm4u6oZVNJQ,지솔직fan,4491,1584195242000,54
22,FN9rhE0sYc4xYV8WAdq7ThwjC24ubmCnUB0hTKxIDSuGJxc,B9Rl4dG3a0Gd_FrIJ2oGq4-sKB86LSHOQH_IZ4B0LZmbRJ8,FKUipeMr9NRZLDkNj9F4czp_XPYvkRPti1dxkll5NE0fJZkXFV_eVU6N1vwYIA1_yM-L1NZo6akUdQ,알파몽,1114,1584609422000,242
23,F1F41D0RjNcUYF1VeTgpguY-ZJmWEK8SKCPXTFJWA_cxnMc,VvgIAhpu9gPJ9bX9NfDnJK803GQIH8jwOSE-g144O8Oyfzk,uJCbhU5t9HdNvSqes__dXaY3QOJbXd1tWrh7ZhMCibleL1Wjp9pSkUQNTnHz4VpkzD_VWd2PpCjaUQ,비마브,3836,1584323914000,173
24,3QsknWuPXee9ZImU3jJDsZ_JXvG2yRXI5pevo3zWj1brjic,OWrJYKshYYBCZdXFSJ65mV0kVgd5qNvpk0uABSgxzSmiUu4,LcKpcLyYBuyuU0bFoXKgggTqFS0o7OgxlFVVOCXavNw7SIxz3p3mOjhObgJQ62mUPuH793WtOHBNgA,WithTheBell,3378,1584343915000,113
25,nWyRtyLc7JeTtzPk9zVr_qGqVvAeGRsCmqKPgJ43S08heRU,RF_hlHQJCar0h2bHtCltTaI2gCjNVPTLFkMY8GsX4E8vh9M,AoolayqMILL8IoEEHLp4-thUsBXeVTuQjK3YHQD15RI7MnMoWI4NLeqv5m_wqb5Q1SUfcGEu_qolmQ,SANDBOX Serenity,3158,1584515438000,256
26,TggxfB3QJUg8Gmb-nHNu6NQc4cy0heRAFHxNQs-Rnyx12Xk,OCw9mrBnKk0pmeG0bAehgkTudWdFT2vWtX9V4KnewlamN5E,oPe0e7Z3pjEwZa1sHnqiABnHDUVAGatnjSIUYs_UwpUI1OzOzSFTVF11OurNXdV3dqydahKh8yvkjg,abracatabrr,3799,1583489021000,352
27,UX2IfCAgd7sYYSUKiyxt_ZPeAx3eUwoDqC6zvfY3J8Tdj84,Zrc49SaGodYgQjxrTzqjUsdSroiz9viS3PH3_oIqZ8x-l-Q,nRjRRpe5D6M9iw1n96a_0zQ0DtqAW-SWeLpoSA1W_pTWrNUjGqXGbFKIZy853gORfQdGxhJQBi4_Xw,DWG BeryL,4252,1584079415000,319
28,wwPYrFjYEcwyoa9bM4yFuuYsd1f1HuPXuJ8JdMXXqp1Hnt8,XUeHgwAC3YtIkAx3RbhDB37sPA-Bv_5TnLSiu9AbUdr4bbQ,6BWXz3-NMSx23gHXuVzCXV0CB1NyJGhCwE8nn-hhqB8JaklGduNfIUnDay_75QDZwcIgh-S8EuoWaw,Gen G Meaning,7,1583836861000,218
29,cWMevhjarubKXC0-zw29qkh5MuXmUOZXlnqKVoCSXqoTogI,MPjhhoqyjoLoylv5zF1_TliJR5df1dUCN1qlWpoStK2sC-FAB04kQ6_U,U_-wP31nZf0NNt0IvCFXQUIcd7_wLwmKPI_z49JSlTLr6mHAybhsMb5yFbxa8JRzfUrFdXKptLJQHw,be upset,934,1584515754000,106
30,sikMgxcuzLfyxQ-hiTjARTe8hNMP4A2GH34Pddq0ixncY1E,7XJ6cq1KQmOtEdHJbRY0jgo2Ol0divFhz-W_FKCeG_isYAk,R9zFJQ_3qQProWtRuJimQ5I5ROzAlCZY0D6zkCuWQUYjXtVPKExz9rVnbc3RR851gmrflOd2tZlZOQ,5doran can win,3797,1584613022000,193
31,GnXRUNHQUXkKQ1SkwBWefCzE7Par8aJ_hXn_QthBY2l7ZYE,ql5dlMcbVGNBygO4MKyX-QZ3dwblOce95eYtR8bJCUik4Ps,5SnqypG4TC1CgC2AmB7u2e0-Yb1s5G-pwjRBJY-KXDCQw1ipedhMGJbLX29ppb9kY6BsXhTmOXiwrw,괴해신살권,3150,1584258901000,151
32,93LAWjPB1EJT0lJVvS6XL3ZTtveAAhvDAM78AyrVOp9Xdw,BRZBYKBiILeNBJd5qIT517Br1WJkGLZzNcR5c-WssBM,4nDJXKJpzdtM6h1GIy3hdULhwnyFRGt49qlVN80IS_XsORBbW_BZ-WvxS798lIcjYSocLlE04MchjA,병기형이다z,1410,1584655472000,482
33,oyuSJIRQjiXLZlTCbCJc1X7j1rAbBkUmsb0TDaEAvLjv8Fw,7q-XR31uCgaGesWDfn8eSo-NvOgyuw6Ac2x66elQ5GCD4d8xUNO2hsMW,GVnndpB7zD9GVk7GAjJT8uX-BkqpxKX35RIY5Bul_aq7TAp7YYn4d73-k2Brs8wYSyExDU7RpY6m2g,이쁜계집,23,1584593996000,67
34,2evFeo6qz2MymruWpcU894kjFFPvX03oyBHF06ndUQxHc0g,N1vpMrVcUUSG0I2uoFVf0xzA9_f_RrGcMmxBOdKzZQFhSzo,-CNsLfW7N27WYXNzFTcftOsInoze7XOOI4WaVdQhCDbthg0piKe1dHJBBgXuUpDmg6IGWBckQsb8cw,이승주,1625,1584460236000,73
35,d2-gpq2okukJzTN6mK0gZNa_dHOt7dPj7Xpnp4ULeCC0S5o,QZ6fVqt4XgKLUwJpbJKdoUK8lZvyNJJVvOPPlgcKyruqV8Q,JfLWySQD88RcuhY18yhUe4W1rQBkP1uiUgHLvhf2ZH71Wi3hLPiIhwgdpaq2U2xSwZGyNZorEDKGgQ,다한증 싫어요,7,1584688677000,230
36,xek2IlB-3OWOZ3fhzb8PJyVZqrFiBIvaLWCiz8LHP26MaPk,RyiiV43LhMGb7khE3j8Ic0u7GXx3sr1b0A7Iy-ZwK3VK1UgBMlvxMyV7,RbQ98k5WXC3foPLsZOx2GXiYhzqW5V-ElyXZZnBGOFY8DWUn9wCVx652u9m7WW9MSN7xRgJfx9qDpw,ap4369,4492,1584104348000,53
37,cnj9IS4JSbb_r3DWFDLcOGvzVU2J_Sqgm5n4kS37njTTkQ,YVN9Tfgp8iSo6BObe3NEq_PWoKvL89p2HEzVk5-sznxw,YBZivQI-4WuLcBtSy63Z5g95XWeHrBMhDrcXtrUsFniES-fWgwCx23rem3cP3Yh5OzjrNRcmLr950g,세라피컬,1114,1584496559000,115
38,hRwbZGEiII9xcPFQW2l9F_2MMerT3B0KVIEtgd_HyBnuPK0,zyzMcpQqSgXlJvKSCU9fsHH59rObr081eAEoMT3Ga9qGSWY,oOiiuHpNyzxG_UKtFnv3_9GTKd7QIlERYnl68NS7Yo9hq9aTNXMwlRDjWWXGVkKvJNVjxNKr0sb7QQ,DYN Beyond,7,1584148638000,262
39,rexyg0gNQcOoGAmiXFmCZ64vYlSDM3Ki73tZ7QDLOw5VZ8I,c8Ns96C8lIyA82Tg_3AcymK5sehkQAT_OyPmxoJEBgsN9xA03rT8_D63,QlOH3mJCKGony1kR0O3rx7hm6l69QuEmSX4PJ3rOWSOUKXGkK0UlOiNGtt5eAmIcDWv_DOuCpT161g,MCX Gemini,7,1584183976000,51
40,IChdnQIpN7p9H5MqI5_WHp56SO0V-W5-LCrW89EuVx-Q-Is,1FJS_3-DkI6E_VI_IaLclNWmCOn7N_LzFTO4761TIIEMrHjx3rIlY7uw,FK2ceEYMQBH73aPYQ2QVND2K5Sr-gswmHxrGzdZKv2bxknERNqiEFGxuX9ov0ISB54OsWZZW9lJGIg,남혜성,4379,1584636818000,95
41,bOFl9QpgB-kuiLGc_lpYtyd7T4k7Bkr1kBsfLh-5phR51v0,s38LDyt7bO_GwzAM3z26YlcZS052IxAkV0NdGOcO0yLj0-Y,BJEdgDiytlKhEKVoaYorCs5CaS0JFo7AEpRAWviqtdbyteYvvI_ofI3S0ZhSY8IQ8YuVhyrEjUe2Ww,PESK,3596,1584607506000,327
42,wmSIw9qmZnS0g59gos-WiwEnXqFFEMvMT_Q0V8FpR-YHxQ,A9kAjQiFYt_1adyQoIjWPfvmJMtPc3vkDnJtqjLVo7Y,elpoumyBBowdJc31LgRPl_nz5B1OVUAM7rs62Yoo3EFHCQTNrJXEOglq96arU5B7GNvUnM0iTSQ59Q,려창동,3379,1584178996000,252
43,9Hex8uaR-8XstnQr_WR3Q5lasSGJBLIuVAygTpyQBC6zHw,cWYuB5OVjJoac0dn7pgfnKsZnCWlgoYWyS4MxA4NR6UM,1zLw_Q2GMK37Y5MyShl0Mrh2Whxerr3D9BX8-YOIR6eneck2APBtzqa6ioaBtiBX6uhy1ybK5v0AeA,GM happy game,3005,1584709054000,269
44,uVAAiNKEWiJfOJ_dmiE-xeSAdxAsQdNOpf6JjnE1AUZz_8k,_bmPmVwayWAV8Uk1W-kzSvSKZC6LBRLpl3eOJCDpWPikJl119qV4WOpL,CLro1gcDFiuJRcluuDpU-FYM0PlVxe5xLf53P8SjuzawD9-W9FW-No7ArFi92l4n-0kbN-oWotTV1g,cherish1124,3378,1584171558000,53
45,d7y-VbYQsp3OfYg_lEa8XosADMhKi6hgVtop5MI2mMCTMsQ,Xap8dr5Q_fDJ9M2S6LPkeFdgmSJbuSYOXRlsmNtAWrsxtWgcL6ebDxK6,ReZrgjRldG1Haux-8_ooQS5vy4TcRKqttgEeKhqepCi1lavpzIXLX8airDkYTNQd9Oe8GqK_Hcp0WQ,폐관수련자1,3550,1583965624000,92
46,zLrofav4LX2h_DdQtTtnNtzEDiI_foGi5vdDopGFXJLRhes,3SUi8weGlVy4pV9zA0XxtP7PHglyZVIo4FVhN3Q2YI9PHqytcaf6Mmco,46M6urVyBE52Y1VxSMg2ZV-GD5D0pq-dgiGdl8CbT_gKtuTwvaqG7pW3zwE7KlmYMnY2Nsd82s9sUg,80852654del,3889,1584679217000,177
47,ZV8BQ3TJ3lefwW3l98jk0RqJ40CZL6XuXRHbFniHz4Df2eU,uxbNI9yJ-Z_6NRH3WuSAxR8kK3xl8f2Wvc1a5hbz5pkrU7c,KNmhjfkB-x3cWaSwL03vJuZKPo2My-sPukkAfvBEV_1XL4Cn6CyZzsIozPEwLd0x5A86CsVYswnJHw,Co24,1301,1583836596000,86
48,bvCzD6DHF2zMQUutGManQ3rhTNZhfzbCgF_BIgPyamAaAw,k5sDu3gxPE8ZK5I5Qk0vvRKbtnI8pSaf4s57gpxE-HGh,MEp6dArv5o4VjVz71fP4wjNnnxFNMJwn-0fqEzl3dSMAUGlX3YS8x3W2TpuJO4sEblQswzrB8Q5iCQ,공찬박,3867,1584448189000,245
49,Ffm5gXwvVtnU44KX9z4IP4OyVRz7pov9aBJJWJikQZFFrf4,Zr7HwHFqsAAX2xnApT4BQ8ntkSOzBC2lxKLHkTOW9gpK9sM,piDfCO_oitIieV8l791cpZNEuHslPKAID4sm-ZeIrxM7KqUrSx_ZZy9XD0B9XWmqSHLEfRP1mJEjgQ,베인장인요맨,4248,1584402360000,115
50,ii0wZjMAn0ANkP4plElsNY_3VOHtbGlw5zSOQo7IwIFhxQ,Mxr8hl0PUkBMw9twlUfkpJa7-_E1qY3xFM3o6ZefZ5Wi,oiuEVYGhmHqPyfg_-_dpll6HLUysGiHKq5jXO1wAME0Ys6ovy19M_BntQuBSPsvuHo5KHMc0mfrntA,Cherish myself,3891,1584616379000,108
51,r4q5ie_aGpM3mcFH31BxhhUUvR0rT-jnrJz5mGnUaQLdUNc,5toM2gaqTp8YzqrEn1SObSRDjSGpmZpR7m03vjgAWUnpCX8,tRwlDe40o1I35abAqFIbE9CWnR2Api2oUp4OcaX_M3iGiAEOmn0bs7sJLuKsy9XCAGggBl3AZ7xXXA,쿵야 둔갑술,3882,1582801756000,229
52,8lwjstcJNlK0oJpQZg4o4sZ0E7Z_5BpWnBs6zo2E6OTPw38,2waqf6yadhk5DIZN--vijKoXSy5dXfHMQ0Lgi7B8MS-t,HMTcja7Hj_freLrkm-hB4QEvO5qw7qr5WXrrkiMSscXxMs3u0CcuufPTAdFhPCEncZPqkA5JO7Db_A,yilei1,4379,1584177920000,194
53,UdZK5G0sDRH2Vas8aNDA3bD3vxpA8sNSV_DWZlps81VA1wM,0g0aPgT5Nm46V4dSNYDVsbI-8k1fAS67Xir60tXj5-fkBao,gRFclWn03FoifvclhsILlghJY0AW8MgLJhSV3zq4w3U1aTi-BuYtwBfM6SmbEdZ5_tng8U2HD54ekQ,데스노트 워윅,1449,1584538621000,226
54,OcU4g64SDUpBMlS2MAp80nC4Keg7CqS-n7eVlbdhxmaGP30,LAxXoGsJDwAZ2uFIfU7V2YkAjhAkp4knd7DzMeQiTfarnHE,jTvk6S2_7okM5-3r-W5_n-anMZhEDwBH-JSU7dor8onq2SxL1tCHfotCxq6yboSWJ00AhrXmv1q8Hw,갱붕맘,903,1584499386000,268
55,9ZIq78jxJ_lM9pTf5sRMf4USRswwjwsfdo5m1Tmk99eaFjo,0sE8yhTp9aYIH0GpcJvvW8muJ7weACTJPywMJG9PF5MJ-SA,JXo6-oelRGorIKtnfpqFIRfA20aTGR2hJn6CT2b2fG_bAg7VjP5T624AxpsOsPbKsb9vjhgQvFL44Q,룬메아리 신,4157,1584646304000,346
56,gwVjb5ICIwzGf8QIv39Zqgvh6IzY87RybKLaVpHsOt8OUsg,ykZCwhnv_lTczgilCCLPs9z2S4sHZNBq9iv4c-Eb1H2Tup0,DTPp898W8L5leQyelt1zkbyVq9INlL3YNJyEp7_8oJKwhrZe4c6j451pptD0rGWq8mVTPxqXIvxo1Q,크림몬을 구독해,3154,1584606321000,107
57,F7n0QcU_CTyaREiItRLyHdHbtn6HWESt03EGrFQH8rr1p1g,ww76H5IxxeCksmm9yELEfLHQLgvAkL-iJEZTMBsqHAVeg_k,nN3j_idZEDcoV3DVnD0QlcKPVnEDyzDZ4hTi2ni5EuIGrTv06Tq40-SxACCCrAKQZnZjfDQqLFoFuA,난세의영웅장세민,3496,1583784888000,526
58,q5S5iP8sHb_yEn9TiF_qBM6_hUKSNyn53f_oebwjiZBvE2o,seSBTQR4hFuPHSRSoSTDhdByjBRDG03XYCet2g3b7dww2bWPB6ru2LN8,9lSVCt-r-t7mEKZ_TEENbV8Ke06Axis0C17g-ixlB4gWpIkDoU01TsUIZO9N43tDkvYwNBSiczXquA, 황 시한,3798,1584248996000,52
59,Iuswjq-ETVvw5KLepw4NbuUj1LN9Pir5MGLuBb-nKLF3UbM,HZUm07Es4LMQOG6-kHYBTEuGfAFoS2hpvV__N0ZOcWmKeXU,iKVhKHp78-6rX2TVKMvo126vxucZgvDIksN_u_TdMR4w0R9ofjeZTrmld-ZUqIkzEM_YyXg7T6oXyg,POGGERS,4200,1584619014000,315
60,CxuFqHcSEQZoXr7cIWJloEQv-YyQafxyhXn2IsZEFbV_BCc,G9fmryl1JkVm8QTQNHXEoB_Be62R8cVS4rBudcZHbB9KZaM,aXrCn41m53uymb7xqV8FAWsXThUuzYkEJjN9Iw7O-exYj4BVE8iikCTMU7VK_n53BPrIgpnBaVwMTQ,진심핑빼고노챗,4492,1583929874000,98
61,Z2NGXOQHBOGV3-9CYDKw__NMDVNX7rlIZX84MGeYSC8bk8I,M6mQqSwCvX3OaELsJriEbP9PDSPfMT_epMmYcfwlxun7qj62i0gB8zfJ,67eCvzi66j7I7LS8ttnXtyKq-srZUo6tmGJl4YvmTY3fOMiCw9iCj7TNxP3bMdNYJ6Ws54eDVaVxrw,hf ghkyu2,4025,1584176891000,154
62,XBhXHsfP--XO6n-1orh5lRq3B8tajxRgWGWLgeu6Ef2xw8U,ba3wee8FytVWuZzW4htmpLe6O-xTnNfaSpwSRIPvwsEgebA,73tgBUjyFW0e90OHcYGnQlNDzAbzZ9FpVOAtMfOuJR2vfVm17MXwtoIBubRjreb40nOFO9GZASF8_A,KR Spt,4379,1584481667000,275
63,477CaZT0mU0hWMJFoyyXC1eopZ9q6MDCIkKBjHGOqVXiz2s,ro9uMpvWtrhIlrTD5yjqWKbyboquPoPRxJmn-XVd1Bb5UIvYPDydacoK,RoJJZxDlDIlaq0BgZoK4dVKmgK6LVVeb-3Re9KgR6zwAr_VHxEj4QXC29X7IhUX0n7t8rCzXmwzl2A,MapleStory275LV,29,1582968574000,54
64,3QAnOXKj5C4RnNC2eCZuOWNgC-GMqGQsg-UsbexgCAHPUg,6_fU4P_Vdnl51nhgP08IH1F9-TLot5ytTfqVEKWwo1SB,i6jSIbl58JbVKleSVUBRcXb0GI4TscVAM1Q3-j66ssFvTsL9ouP_w3pfFhzrBOugiskq9wqJrs2mOA,ChoGod,3524,1584594371000,130
65,Byen8SwhxUQ77iDtF2JSin-lA5XaAvdbL1J3X1ErgLXCfM0,2WRpX39mnPOQ6nCb1kLZjzutpZguoWg7Y5Tr5UgEaculr38,AE9aF6TD2NRjdfmuM0yfEFi07rH3qnui3l_PcO6hFg7Q59d7iP7NiJe2reilpPUAqzK5I-DUFp-L9A,IIrrooGG,4022,1584244931000,124
66,odls-XgpO69KjjQbV4kKqa5bZIQYUygx1Yivjin2QQlWF2w,leUnrf7SEb_L_FNSM-9NLD4Y200CvUDawAmEFUHi37iHgKH-d_ay_bKd,gb57CMxTl7HtTLHu-mp2V-np6CZB4CDiupX6hylpNqqfgT_F9qQ6HKS9DT7njnffK940sjC26R7oAw,Tangwagege,4393,1584488775000,338
67,rx01_Mzn67A9FgoS6N9fhWtd57wPzXUDHAccka6ga4MawVc,Mqk7EeLSyFjRSB1SXmvxXduLEe_Mx7UKrKLVWhe4SHKZev8,fDpI7z28fHDvIq2b1NALSnIt934XErTJ_cqW7rlX8WgSKtfvfCVDdYzAuveI0SZzdl83bDaRMiWu2Q,DGA Dalia,7,1584076513000,209
68,zt_ijDOftjtrhffvrjSvJoJtHfMmBkag-DEPv3oyYj7tNzI,eYsy5Kd_fMqd_iCPPET50d6QKXMqc1uKqJpdlutq2l8uv6M1Iac5HLjV,oVYLIFiUMpUoBlNiIwMYgS-BN-Qe-GqsY9IuGg-C6RALOq8jKhcSuBKg5MLU9F517yuPAPqrouomeQ,FaZe broky,28,1583827561000,126
69,3yqwRNzwx6HskF7K03n2_eGNpacKrM2fvvtSiHd6wmt3RbU,KrC15oSx30fVqvVfTHdhgc3po-LW_OlYTZcVFe1uffX0et8,efn9SfZrm_ywuEb6fCjKxyVJUopEIlGZ8MClDGRycTr300Q6nPUncFWiCdGbltK5lvt9vvYImh9cSw,uskinoej,4271,1584605074000,167
70,PApQVlHMzK-lWzWAh6YTXxCDntGMLn3tWFSPyw7JjkKIAH4,RWjfulqc3bxtk9RVlCnx7yo1IHPKfzlFBOyVZvJhlD3yXCsfdZaLi8Et,j-noSBYSzegGf7K_IyKuB8to4D0VtXvCKqdchJmfzoUxKaxynfsrJptOh2qayJdjVwuNRgPlikMIWg,D1 KILLER,3378,1583836861000,62
71,mqQXFND4RfEVT3XexK-cPFhkusxIGb07xM1qXPAgvYatH20,Lt2rGvkgf0_hxeewwKCL9q3UIo6XItwMihiXUD6gR6FjUE0,xsp7B1fZe_VErqlw6dGLddqZZu67pylp-c7fxr8bHgaA5IyuhJtLZXWeRriPVM4cJVeuVCMiTmkhSA,Gen G RueL,3890,1584593582000,346
72,FHRuclqZJLRfhRagYbeWna1dhWZNZOlTJzw3Ffd84fkBC5U,PjoZK-pq8p8mgla_MF7Sfzzl5-uItMcV8v_1tlcot34HS9U,qOUTJBO--sIksJuhVvdyCOMRZxmCjpC76iMsl1hl2Yqd9qCSNGR030GruCp4VXFKWQ_bFsOpVJmvPA,Simple CSGO,3480,1583893878000,421
73,VU40P9T8dDBx9OyD3ie-wnvuSBSUo9R3ECP2JiuXLpNfqgY,s6XknpzQONbkD3EgvCliXz8q_qChpynKMAbDhxNjyVbdE9I,aKXfdnTU3LrysYUr6DUvzAnX1dzGgFf7BsITbRsBAiasOpB11XfWcdOCa9bSh_qtxodNN2mmJLUciw,상록중,7,1583815225000,161
74,5IYTgInq4iHtEImuxVeb6wF6X-aMLnd7ErxMXCFhPnzgFg,YM-kqhenA4z5_ztN09B8guQFBh9vBzKPh8A3AqStgHet,WAnlhycmfnj_r3Z9INzS220eBkwX9d-KdFGOpXYP1t71zuUq6gBTRLLlPneLTNZPeA--PzQJFshiKw,취준생재성,987,1584008266000,149
75,oQqv67ccW1IGt_mD_Vj514kMW0C0Kvcx0P4PiXIIXT4VpOg,g8-XC0v-EtrKgplCxk_ydmFbjBWelkzX2N0LSgQARfFLQpE,02qBzICKTIWb-o74QPlLGJqQjqHPx-YmNKSFOsS0KZ64wkBUFfvovafCgzhSdaYju6oVfPrFUtAicw,iS MEEEEEEEEEEEE,3456,1584295389000,329
76,K45abJ4FpRm3RgXTPkzm-_RV1mZUIVR5aYTgx6tFpWigAEY,yk77ROcRAKiZi2C56vzmSowxhZYIxg40VcKFo-CGgaqHpkLv95cs7vRt,puv6TZKfz-3NuN5fwpt-8KggVVx4EO8LoH0AZMlFpIJQeuk1iX6q0ArsWWB2Fmfkc5F6YejziPiLIA,02 ADc,3152,1584604098000,141
77,re4oi5OGblWac9-o6IpZdrON-iM8e08c4Vs7hrhOE89zhGA,XHt2yYIbI3ctaQTLKYTOcVHB9q_xDlFWgCcasS_-jjqNPwU,eONMKrnL8twbVtbgN_fqb9cMuDH6ju3c4cZizr7mv3m4J_u1ND46Cps51iTBV3ytdXiuoBQDI8rmpg,용호냐,4295,1584494842000,46
78,W8kQ6H6PalCO4gmCw3wzTfInWAtQfSnoFa_LofO-aZYOZZI,IKmDuq2_UN0vnvdm0W1MEGJ0eoHLGBTHDrjxKhJTVRBkv7P9u3MsfSoi,uX_N2ZEYhbdpItr2uaB45BkIxlIB4KprE6cUrZzuNN7OQbAq169-vIhQEqxjKPgyx0e5h4xYtzCGwQ,YM ych,14,1584598863000,57
79,FPMZnQnxqUvYE-F1CkAZUy53S3SDltTpyheToZYCpLq5j4Q,dJM1M2PMsL-oMzH08RkpM7SCDrlTJPUqqeP6Lo2ywIC8Q9w,CmRr_xHdZJn2KXpFv2KAVvKmHL0hzxeBCS70soIUayYfRSNO_vfKJN-pT4h60SXXKkhFp8ijDIXiJg,Ada escape,4375,1584624182000,91
80,hEeNqNmIhXjm5IzUjepyI6Q8MbqMwsN5lILt0zVjuIfcJdo,JOLdWd6lSIc7xiiDWftw5fGu-_YiLjkmyYHyacSWfsM-Ti4,yLENb6PSlmCf0AgrLm-0zwIKCoSElM0YMZzTbulfSYUIN9RtnCU9nT26zxMe109HnypwW8QLap7T9g,여죽남포,4200,1583931053000,96
81,Gn669fAs1ouBTBYqMyqIqNED-X8zfT9KJteikB9qofRO0g,Fk5e_WPDWslDPYDmemRH-noPEyLofYZzVP0PxSbokWU,vNXPNZxx0txexJmyKJb_SyMaJcmDdYj2DCva6OYvWELdnTzsJGkbFNf6vZMjeYeB1tfo6t-_5YlSrA,말라질꺼야,543,1584575610000,212
82,hLJI1aakeRwS6JlfX4jJZPDAm9QcPQ8yM45Kg1sRj-Mqmns,5dV67hiOiJm2thFhkM0g7eG1zWFBa00fHVPip_XO34Am_EI,lswttXU9mnJBHMNUXswizv7WJRpw-ftR21YKEmyMhklFDZben24KVpJhWD1wNcThwOYnvRF0GV4aOQ,준라가스,4428,1584511253000,108
83,Y5Yi5eTA_kJqzdFH7_FilgKJQLke1tj8R3dY8PTyEKdvngc,KV7ModeZ25tgPv7RgLRNq-Ng2WNTDqrOuNTQ0GmnGbq2Fto,bQrIaAyoCF5sf8HVRPox_Cl8XPJBQrnSGfKAPFKSATT4qvJ5OVaWZatNKypzEDP_XPLkxrJE4nBbrA,통 글,4425,1584522552000,131
84,22ggwmSIMD1P0Asj5c2T6MDjWMR6FNaK_Kev33vqS8lJI6w,MHSO-UjHEoAspL5_LNR72K9NET3Ux3Gh6Q1KxzMbgdr86WLvEkv-zo-p,JpuZ11AHZ9Am5G9ybQOqDaoxeEfjHJrmV2d3u9Tiw2QfwMrx6F5Quwoi4R2fJm3Fb0kWDuKH2EbQ3Q,TwitchTV 김망치,4448,1584495634000,79
85,XBjTiH3vVkjqq1IMKIFZI5r5KrVKWwjV1ZUwd3iJLPlgaE4,bs4zC3iJJ7_8Zl4ucrVfnwBubUis-1gilm4CAN22LI1RfIw,SYBbczfyR4kL54IJLEyUi3lyLQsrKhLPwUh_NdpxcpRuEdViglAb_OySipweJNTsosFUbqlg5fLO6A,T1 allmight,1628,1584657286000,386
86,cVZxKxNW9g2BSChgw7YZ86Qms_mtbZ1xxujhKIjoBXm5pcQ,ZF3Orim2ybxl6RP1Qyy09EWia1s_ac1Bb7KcojbkWxxTePA,jJ721BLVYJVJg0NhDdidKALxs7GgJ-SBOrITqxpV7hGvbb-FgsO2wwtXbEcsIjOpdgVHQ5M2VMXESQ,Avalokiteshvara,3367,1584597171000,304
87,khZIuzJxy0pJvCTaP1STx2RRGH1HRSF-jY8N5wjmAmA3M3I,jM3aAgClgzdkNsQKGWYlwJLVHfyAtulKsvqZyfh7PHijETo,PdcYTCkzIG_rz2PV67_8Tf9WFhX8Adz6Lw_pikYVbWw9Gzo6xYIMRqXwWp68WoXpG0O80Hid4vlNKw,벽느꼈던사람,4249,1584501513000,111
88,rAte8XPcR8Gl-6JeIP4jzdcFbcUz0jWq8KK5RyRgzSzNvQ,NBJYCpbCkHZAGZn59KSYm-Ag_qzZse0b5OI_1-JhdB2-,5qDhA07xlPH2tP8TMZxnmWSHvh1Jd_aMFdDS5rgQdDWs_9ypeB84b50ltGGUxcdZBlaTZtdQfzkmeQ,모 모,687,1584555781000,193
89,6njesYrPJhwXKVP74sDO2N9G0J-ERCn4giJ8_6_IT4la7K4,0iwt0v09W-_9dNlyzMte4T-vB1QqXFM5d4-Ir-D1zYCYLlQ,xhZaDov3wPBtYQN3izq_d4dyeF8s_2esgQRCcnLsE0tTEW4phzObFRD5zDY1KV_h8JH7hardKuknyQ,Zomb1e man,1666,1584572869000,166
90,fr7umJAzxDMc4DaWtuaW6xhLpGfcYlvmX7P9K-5oNSVx18c,NAxUPkvZqvEnj-ii1COreedSORx059jXB94AxNuhNdOLiMd581KO-hCH,OFcnm_-wQh2_vPm-bOm4wer8Yg9tYsjwLh27KLe9L0OOrc3zLjJEbU4XRmwE1nstO-7icAZ4dnly4A,aswadsasd,7,1584407844000,85
91,solOzB9xyUra5jvH83qTiEjEP3t5hOQ8KPkqLtRXE1HayyQ,TW3in_I-hoPxUuSPsNMq4OX7BFjhGo7V3KhFtngta7NXOsWygSqEt3v2,pYeHDsU6ejs82q1s0do8bAw3W_9IJprhbC9iFbVft_tkS1R1Cz4K67brcT2LQ4FJ27sfkCw5ttt9xw,갱붕이,13,1584562881000,71
92,Abz2hsHitwSlw7FQtyfDfTyz-I8EbBl8VMwFKQ5HKN-qJuo,L3t-x54-Dsl0qmxGjAWOVCbBudEeaWXZb1jNYHTKPoE8nwM,5OBvy4DvLdGMhIt8qbiZkdgxxi5bd_PlwuDKbfcKdd8b2M-0G1rtdTu83Cx7-XTZKIcg0qk83AKHhA,하 멘탈이 터진다,4027,1584597552000,334
93,KXBWMg5m4pn7Zj2aRTMuBRtSaTZSCm0eTNMPp2zlWYYH0g,RoOe-C0Xwsm0OWUPvV0RYRc-hyiX_a8Px_wgiGKRoLPj,4PmEsv3glNx8XHooEIlzssCPznPvWiQM2Vi8bGBgpBJS4HFN95O4gZxx_9m_yL_8TGqvIoPq9C_HrQ,키173cm체중42kg,3795,1584379838000,334
94,5myHrb2IpriFTjejdl0sbs6AXrc7RcKELPht_r6FWj_Ulk4,tQUZs9veo1gM5ENjj_sFzZotInEDtceD7pxLUKw5QnCBwwbur8IVVcm5,CHm4Irscuxtph-lGYoQqqDOvgBmuHhiuu7dK5gkD_sQFIMwkSOPGYanYVg5GelcnhIdmDZnIy2-ZOQ,wugaosuei,1637,1584257872000,46
95,7S3PRYv6zL3REW9l3n-ChSl7kkFHqRAbgpYCxXBkoAaGCpk,7MxXCe_ia32OdoYkJsPjfKix9mGpmbRf2NZrv7p-MKxLTIme9iJNPMqp,jupTIuSmfUupJBLzO6I5jMYDm1G0cuPGwWf-7EDpAO5rukTac4l3C54Wa8G2BT23HV-wqKE2456DSA,수입뿌드,4363,1584668743000,162
96,EfR8s7CC6EtFKWotWozvUVEhke8JDEBDG1dY6SKwwJaSN9k,csuGnQA6zmpXa3DfD3ClVo1el3YQ9izxAZZXZqfAmEfAYq8zolvRnfd_,q00fXBBpG5FEX_rf654nWg2VkZdKlNHW8uYWqIIvyzoGI0VgowRhrCq1686pSFQjgBGhI4Et-XABIA,hongtoufa,4425,1584620883000,98
97,s_Kqt-M9JFz4FWQR67POYMBbFVQQZH0lF9u_NSq5O7slrA,VLG30typRqe4X8pPsXa1G09BPWUE9twZPGMQRVp52F0L,C4MPaYbhh2dpGQ1Na7GkNM2cdB8xvQrF5WiRx5i1jahxz27rGOjVYQ8CIcC4OXcTXURGFk5I8L_1kQ,술 사,552,1584434916000,201
98,lBFxRCYlQU40t8GBuQmL80DmgYxJq3X5hLbjXE4IYw4bt1M,Lfww_h0QvZg2iYcMHIyDCJJjazH85gTcDR0viQDTFvneFdc,Fj0XhV5UdaDct_WwMtFJYNJGsgCtzWeetrmvzIxtqpZwqg6Wgo--L6Oi7Sky7B_JZfbiCkF2_f--Ow,안동푸른번개준현,654,1584540681000,280
99,868vlUgbHrBpGZLq849brtfonZAU3lQ5Wvm5ZON7M_2fVA,chdu3FsD4wxa1RnaEEL_iQXEOi0qEt_PUBGcRF8Cndix,PK4u10QmrTo5eE8NrM_JbBYyfQwZOCqcmhwMFXe8-df9xXasoh27FLXDm1mQGSRGWM5zAR4Cu_goUg,Creative Self,7,1584598330000,190
100,oGXBibfO22MMRvKsrbS-9PB-FzeRSHGNRrmOr1E1EpO99eQ,FgUU_0zOtgC_dCggWzexS40fdya5ONnx4DHkGuIpfKAt_dk,eRpnZSjp09M_vV9PGwfQWKsrkEYQc-Nu1OzMI_NaWmQuS8TQn5gijVeVbQuE1KpUCPz0t-AxTyXu5Q,I Must Go JG,3456,1584485930000,224
101,lfH3ucHegAOD4Pb_b15AVVCYA24FXmMQSSUD1TREL9IzeKM,7dUKXvDSYU-wliYEJfZu01fEHcdvT5-bGz3uQGuEVGQO6bm4jcds1Uyc,aJ1G3NOiaioiq9YiW7AVOD4CjQL89zRI-XkQBNbO26EVh3j3SAFa7jKJijMn500mHzWSGEtUjiH0kA,wadawdawwa,15,1584493564000,47
102,IrAnDCfTdv-J1IAAWfmAp8GqEaxcp-ABc3XimwGn0NApwIc,6_VA1-dIyaybSbvqSZKiWhdAoq99ytdnhx0im0M9Ex34KCM,KsRjmrsRdfz1uzFa7uQ555oGEXutQnpcE8u9WtfsWOM3aGi6kIMFhtXouJVtkWtXMLek4Q5MUjv-hQ,김도칠,4200,1584190444000,348
103,Ey_ZtKRyzRJ9Sw2V1LC7AP6GUhjfWSdopeiWubLslnP0sPo,LlLO3sTjZ6dDVJN1Cm4AoUoAz6ghiv48UzmeXSuCKCmL4MM,O88cCbfEtN9V_Csv_TJ6ONzBeXdnxd3-pUEGBXe36FG6cM4zhopOVQFNPyNTnKRpYPYk05Q3k8PFPA,헛소문쟁이,16,1584230900000,91
104,nKD6FCrSWuETT-KjJluDYlkdojukY2oV63QaJZdGqdMEyd0,zud1-v1UrT7GZ7SHPobltHtBcJxZhnGDWm5-46Iuhep_w-0,SFNVN9LwgTkxtKtKYzayQ_lgYZP6qnLXlsrHMOesgemxjLyg4hhAVzsH2eozWDNxjOZ4lqmOpuRIXw,질병관리본부1339,7,1583780788000,269
105,UiAKsEcmoU5fzLAPe6iEzmkHSSJMgS79LnWyP251b03Yl54,srEkzeOIi8DkdifPsUcSDwb4Aw9XYrbgKrLvkpperzQXINUDHXYdlrXp,WArIWhApc9B-2yA0k09Lh_Lv-gV0eMdx4o8EIO5T78Qq94BCARO1h1VVqxlPzqOr4OlWm52GEhl1lA,무거운어깨,3583,1584629395000,116
106,fudjkS-svwJj-ltB32chhZZ-sN5ELR4QLTGcs1LXbexr7Nk,-9LZdnXUIgHfBqlwK4FQUBmx7n93ubFwUfdylO8HPg1fkwA,jUZ90FQAhQZKwPc2KcdEQkPJek3Pcd92jrZl-XAtzGicX8Csfz0Vyh3SdZ7y_npCLMdQ7pl8UNxL6Q,믄똥왁왁,6,1584368596000,385
107,E2DlEcxC7Cyec7WU0PYxBRN8PVs0iwkL76L2LacSyAcX6pA,aZTO08GkTGSK4sjX9V5uSEgExqA8zwQTpSfJtugqAsF_YOz6Y-TETp6Y,B4KeHJ7QSW6y_5fBgblET-4h22WqycNyJTc_854sCkdX04HAUHsTle_IzA3y_5fQKsou4pjb83L8eQ,린 홍간,4492,1584614417000,54
108,zhu9GAriPYnxuBzhXbMvLmpgYAvTABxh0OYyt-eGnYB0V4w,mdEd1Ilmc-oudYYqmv8zAiG1MbqUN7YYnFCQidgLmuxP0eQ,8U31pFuIZcuIRO66mMnIRJPw0Si9Sxuh6PShxRYB5jt0686mVyAu2KVQ0BxX8ICzDST7AbFIXty4Kw,By 불비,4451,1584005775000,345
109,vRFV6OOuL8wQgHCHdejMTuHR1gNWn18Hymoesbg9vLF-v_E,aK23WcaYImVgGSXubV5jfRFW-jtjqXYyXde4McjFKloJFsw,hbtNSolRWQ2OcEx7qMrWLy9_qInlzRk4XV1pQtDKlHZM_ryDnb_i5ShaOgwcp_G_HE1f1Ggymz_f6Q,madkoed,6,1583496478000,209
110,d39MEPD-vK1z7AcVMhfX3kVX01NFykJ70JIACyzYW7SYUQ,wfq8gTAAx8q2bm5cx2aa_b1mV39TWPXMJPesnRSBLJJw,bOXL69GGwKzwgde6f477IXRgwkcpn7i8a3W3AG1DxkEyQeTXe6voTloACpptCwgRHui5n9poCFp2ww,Wadid,577,1584651703000,130
111,yrPWfHpMyeKo3ddDZfYFrkEJVEkDvk9JI1RFIyGjOeG8bQ,2846ExPlRjmEY5borqSZhGeoSAVFauEx4SwkY35ml4s,HB5ecBcG2XCe6_BqxFbNqsf9MoW7P0pwjuqJu3U7vkTXwQevbaNHjB9IBEIosnWm1z5Us8srKz-S0Q,zai meng li jian,29,1584453403000,215
112,xlJET0cuwealeoTavtUGD0oe8GyKySWOs7PNeNH4F822P0I,Bo39TtxRdKF8eFnWtP-sgEqsravX2NDBkt7PIaVdrCB14Hc,cQPwG_47S6mySJoAxvow4AJjS5FKr_YTNaNk1HwCFhEffDRPww0bXm7Fq_mARPy9HUXpmOK1LsltxA,내가사랑혜 선,4022,1583791313000,91
113,sZItqg50kiLP8VEbS0_a_sMgRW8bp3dJpbeE66c-nroMCw,z11jHvKCSzho7qshQvWTZ3mRZj4VOEmBHIHfRpxlPWLU,KhZac5rVYzHaRkSWOKQZB2clolfZPvAyYV_aFji0A2jWRn-Hzp7PRCHfH6TzHgkdpGaAZzKwCsiktQ,yulia,3019,1584605471000,281
114,QFJbQ3SZBRhBfdIHwsAowP5H5bO-s00veW9xgguzAWXuLp8,5VsUZXs2w2OizKMNak2GkCHpHs1eavaQXfYJ-toUKZLisjk,GqM0qHnG1xlSYYmdUPzjRQcexpOj0c6VY_aj-1Hbj4Na2OEUq420bNYVOEeA9XNv1cgu8ryDu9ZKaw,7 5,6,1584223792000,304
115,Y-ADSkBKtGPycnYs-Gc7oxvrGV7ZGhAgZT3pBvXkAyjK_Dw,dbXTa6vcOoQU3mISanoyVCpdtyicBEup9nsdH8E3FJmfk2_ENs0Av4vo,ZzfFccj9cnEyZHp_U-GvXqDtwoQcAYVO6fGDP-mCWchrHt8STmgJt4cCDk5FozR_AA9EYf3rwFq5Mg,meiyouQ,4491,1584694508000,60
116,1cT3s3BI3ADZ3b-jVZHWWEAsrxt7DiXMuWVX5qDX9yIrWnQ,alhsftdMMMl8wbBXKgjjJQCn8fs4IZm2XSiHDfHd4dTkcjIaSowfashs,p_MSzJ1fvBnoeSkdJEa2_9r7VaTwI5Qa6SAuv1hXKISMeCVGI-R-zx2O2XdIYWgIrXZV9PJE4BehVA,91841652del,20,1584347377000,66
117,xTHfkuAEvuGOfY8dpUufJJPsPd1HfS79AyFjplx7Q1yxbVU,xVGzy0qsoaBGEXtzL1tgs0Sn3pRJ-6gKqkudeXfqXf_GJ3w,7wtJG7CkSzuZn-2CHBbhlQpW51bM3L8XkmNMDP1xPQgfG1Ok81ct3m2ot6jNS-B8-cnZObUkE1g4kw,두더지형님,23,1581927971000,430
118,54KhRP-ae3ZFqjdH8rpChheZWxX28MCRyt_yhVAahsSh9eo,WJCYwmRLWJjTUjYaC-ym_t5-qeT5yPNctobKHr-PslhxnMgwsC09UjS0,KjwngKMAAsqxAc_oXUtZD8qQfJCn9WQnZng6-QraUvto6dwr_WgJKFFIJ4GVfKmnVFG9ZLr2k03E-Q,패치가가장강하다,3543,1582386126000,154
119,qoNryVwG4i64ba-PPHGjLRUE5tfhjTG5pPnG9cszKBQx0Q,KjUWm-dgtGDdfSyJPdkUmKMOK8PcRkgIDLoToOwd_sDW,MPkf1k0bNrbdXu88Rty5KreFfSpQ3AXtuLbptYcpZtnGg4HFj5xArEgdxHlydU9mBtVkAOnONbOg7A,엄청큰가슴,3901,1584278897000,99
120,pVYemczNifzxyM-sj6U0QilcDg1AwDKo1xIemnqpLexWV9E,y23tYiGD8dQ4XW7Nuxbb7HaoDGHfhoww8PJVVDAwhU2IGmqiyMKvzwbJ,bGAB5ddebo8wsWxaY22oI8pO_KuUYeRg84_sJRf9EFxk8vS3Nuo0NKss3_gztzXEQ7ktNNsP8-qAkQ,김데데드리프트,939,1584519296000,117
121,AtaKRKnZAk7M12Tr52rDhVHD5qSIDsREqnQd4c_rLZmPxQ,QcM7cTb08mCH6Do6lgrU4w8OwxLRUmqREGEXP_pKFOZ7,EQXckqFVbXZo4rLQgB5Vm4JFJxnQzMxjZQMGJQQXV_XgcVZq5CWL8fTrPyOCKEahp9BAZEgrJJG5VA,Hide on bush,6,1584181961000,296
122,SBSfmkcHzQEdAyltJcKysj2Zv--0UIpSXZUKQF61scMerVA,IWGkif8eUt9prnDqvtqUJHsou2rUbMHFMXAsQrXNcTC3jDU,P4lSS2u1vUBsYY7dshpe0AXRvip_QtaDXXRrZ1ofOM37NWxTtPdreCzgHAbMNdIcOISva68cg2S0_A,피아노잘쳐용,23,1584572161000,165
123,8Erpo4VoB6YptPZyCy2enA1T9tKnAf9R1Yc0i9qT6_bJmH4,vCdHDWuhU8WFWoqFR9eLlTiZnp7_WjJbjrp6hxZTfn71U6o,WpeufKIxYiqCjzb5-86boLR6sMe_erDeZSF3g-u_dltaQVVHswfceU9CMFhUxs7WYvjSH-ZHRL56gg,빵속에 순우유,7,1584573809000,244
124,pTzwrKNmPIFQrHGUgB_07kf1z_kkpYvtozBq5K1zLcPirwM,6DaTLtODpMxtAdKSWsRVRh2GoWHHJ56D_CvjbPvCmdOkz68,NRuYUGNPhOq37slTEptVNsEhulJ9qpG0OkYFQP6pmkRAUxhoWyYcH8QWL5KN5lkiIobGeY2FEDFDTw,LPLLPLLPL,6,1584434191000,119
125,HjPkkGu1pcNiiVYC5HXd57LDcK6tylC2_fQJl4EeVrRolqQ,EqGJBYUG1ro_Q3g61SQIB7jX6dABh_g8xyeZ2eD75g0It8lnZFoiYgrU,1rjwjBq4eLNu1O9NHXmHg3fpRZ2xazESe6FhCq1xhhYuem6HD9xV_sV594pOTpb5xlGaOLIGquuJfQ,HealthandAhn,6,1584616394000,51
126,NjEPXi_WFfht_pgv3svM663gZENjEnaUb1pU-TyWMCpUoqM,C_3lYyE1P79MVC2G_TpvWKgw8fzIGbrZG_QXH_rnwhn1AQNyInv9tAeq,AdQx4RbyW_lAH3R3KT2tUOw88U-F8uzsodQq-rn-imLXbffkMLIxtduOFyBd6NVznEMBqHEFzvL4Rg,까비KING,3860,1584514872000,177
127,L2OqRdR3OeaxAQYPvAFrjkqpeqW0X4vyuntAiRPzxjAgWAs,vMgC51Ti0H_K3khbbKs9OfsIaystdoNpzNfYFkkApJEdUzU,R8ts0Cm6antj3zhBVdLSOzwI-G9ORJvrwhZgqJV58X9kQBHIpgN5ncs9ewdroIkSi7vf3ku7rCq3tA,정훈이는 못말려,23,1584395122000,61
128,Un20s3-5Gr-5CeXfFParhwM-7YRZHWR2fVaMxPw_zPhvQNs,TPqtHttfxqcmSBg38Jv1wEVt0hyOdntahktUc4Fm_9fn1nB1QOXszl9Y,UTs_coCTeoQfWMj0OO_6rV6EEwt38obCcHMdQyOS5VR5GKDLtI4SRQfQ40ju9fkFmk7EofortMa22g,zhendemeiyisi,25,1584713677000,64
129,6Vul-YPFsLKsYOJutErVY7Lec2PiRvQzkeRGzPFpbcre9i8,a3FcepJLJ_O2EWV6VRMuPw21ZTrbSFQq2EZDygbYCqZGeCQ,XpGQKm4zgCc-4HyAZrGqRICUUockSv5ODmNGuGOfed0LMIyCXw7gwWUkkfVZ1BerxUTq-WvFMNGABA,T1 EIim,4490,1583837669000,64
130,n7esaJZFgjRF12EjYvIM6iigRKClPY6g7wtY6dXKG4Mki0E,XfWtgb7UrvPxFRF51vjcCyFFfpPG763FX_rv4cHEJxwYYgl7G1jTRwQL,12P3yhViq-tfIsVTnIRTj3EZHPSO7Ma7oCm3mmXgjiPV7gwb0jn5uzwji4hTTUM26v6kEaPut7cSYw,Dictator3,22,1584576072000,43
131,oVTqs0EEYj0eaigBjKASL9T5fbDHO9CprI-b6Qb3nItUu0U,AJCd35wJ9cryoUVdTCzHQZ3ru8-hafnZYUURXXORW8USLY0,HmFTdpSU4lGa0WMqBUp640-9vLY1Hq21EUHf5LxGK8d84vWki8T5ZWAajqV5h-L_mhd2Iq1d_shBdg,HLE Burger,2,1584504747000,300
132,TTy91Bc7RjqZuyeLwGURC_JuSNrlNJt6kHbubwSoqdz7REY,nHkXM76EaK5BBHTOYrOaJGW2fUYqLhBPoSjIcJjVu3r-OfhDhipXCyBj,tboCYvYEKNe-tOyXPOYFsH-2hYqXXOEW7D1fcph_zoBYSJcwknKFIFNwx4d1wcCbaOptPQ4ads-3eA,Reheal,3867,1584403550000,116
133,W5UYLiUc9nx0Px1jJDzErbFSrEUaPSAO3SH-Hq6W8_1kOhY,UjND4jhrTC74LhXwRmkGYRJKw7yyODPyYgir6VP8XM3E8Tjf4LRZu_6m,8NXBIQsRGmFJknHRRPOewLwC3JW1gDXP8YF5eYUUoZjeW9Z1sEZ10tgMHDpsaIsB3goOBrLZYTLZdQ,ad jing jing,3377,1584714494000,103
134,NfETcRdnnOHUGukI78jQUWzh4uND9YgPYUsbp7lOrdmEBg,WWKnk2LN41xtredWORyMKhvrPZKS9it6tIAkjeRtQTA,dtvz23W7exfKjgfTCUrIiGJaWBEhUmx8UIat9UydeBu5t6Dz_QoDsYrF_OoZGhDSlHmDTXP2hIsrQQ,날뜩한 칼,3630,1584405919000,119
135,Lrt9WT2fr0MncyZEhdYD1Qx1e15gztwn9EJ2khdwSqwiYT4,aDzpSDzs11R9kokQa5N4RbjTAMywGXn5NbpdGvrmUWRZLDIhx7xFD58x,pTYmRd1y8r8tObmPKXHshS8iT_toWtmyA6KJSzFYm6RY9TRBrbgba8dCJKSc7iFPMLJwK_nNgbTzFg,Broken Rebirth,4030,1584099302000,74
136,9QCTsCPhyCoFzReQkUzieJIKZST5bCUWZwtbtowjHL_-FZo,_O-yFNa5yMoHmo2MQZZmy5zs32lz2aqZwhT_8mRavs1MeU4v9Fn4GtCQ,GkrgN9aHwE2TIgIEtNYuPt0gAX10_UBlaheK3TKWWQzYZVDMnMVaCC9ZK-vPEq4jHRCIrq3t92vLjQ,Salad Chan 길 길,1388,1584605864000,38
137,khyOLtAdzR3X607k7pNmUrvGHXdOPuxoQhzdoAK9NNUATec,fr1LOP1Bb4r1n_9LAVk69IXpoW-kFzzvbDBJY441rxPbbvKMqnGWT47o,oyizzlYD9Mt1u291mMRRgvXo0AKzFe3hn9KSEryRVaD2dCviWP5FrMnk_HpmQSvDD9J-M2a7KSHpgQ,everyth1ngiwant,4288,1584643562000,63
138,bKBsbMzSvz5zCql_b0joYSTq4coZoWrBJ3pPUp2LqP8stQY,9zoS743TP7XckrGJZ6UOfidQ-jO2lmALYIlcNlLz5iHs31atQhGZgVua,UsP3o4Te1G1bTPIsNAavlaFEtayTqJ3c7sL9kI7ryw8cUXedWMZXPcjzcOWL3QH6arEbsaeF11zn4g,중고 핑와 삽니다,4022,1584643566000,96
139,j0HinEbUpyGVrCxvscNaEtrobmxaMYVu9AVYsGVAPWkUqEA,bNaQEMPvpYUDHncCQnHCJa35V_osi5v7lgUVw6aQylrJq_qXSNb0q1IE,DifK2xT6LaB2v3gMnL4ncfyyGIIO6Ii8L-eI5Av2cp4Csi-GJ02-cH3958ZMNz1BvEGWkkauW3TJLQ,자지드,1456,1584423798000,170
140,KLFEZ1u85omYnD2fdJ6y_STZ0-6OtkEISzEqD4LGYZmZe50,YTsd5doQyed52XHEAKBEXRNK3V17jZDPeNG6NcdWWX5V11Q7eDjH6m5w,9L6F_Ag4xUnZtxSVmR6X5PMFBOH6DGyqvBurYQEiSrYMu41YDqhH-yrzbB6OPfaMmVehaP4aH9P4ZA,나틸리,2076,1584568564000,72
141,5UNzPcxvGyPLMa_mQfAJSzHO8dSzSVecSTk6Z6ATE5Xdr-U,nHIspZSLE5S1qrWD_m0AvWJgtAbDjxH9j5k86jQRcxgM-ks,5aa_Uwdl_VIdTnKMGYjmhsK0XueyfOzv--xzE4d9We4CoHr4iVV0HxeGC-mjc1YMgpeQHXMyolA80w,새루는 죽었다,7,1584421151000,130
142,ie9_OrDFHfSKaMPQl9Yb_Rzxs3Gls0fH9IPk9QAofn0noKw,YAbyEePyqi1oNWNrmlACcwOwEGIrIZLG4w8f8Y-Lzsua,cnCHd4uWOsi8UqcdUKoho9b5z9Xaxpp4Su7chH1NIpTLsInB-yMSKfbWUBVhqnt7FlaNxScdBi0OlQ,sky never sneer,8,1583938733000,297
143,2kYYPxrI9PexNY3_f8a6R-2TzF_tm50KjOH7KGBoHJ1HD5I,uerrehJ1Ve6PCKUWssJaqL7wWR06K0Dm5eIqtPTfC-KYFXXf8m0z0iJe,ZrM-nnM4TzCFhVH4-4xLhMdS9ILp_wtvW0kLbvFvOiv_qTkWgh-E4NdPTUyI9O7tW90ZnVTE3zI1tw,오이오이오이518,4030,1583836751000,152
144,fPGH19MP488uDJO3KHl1hFCxEeHq9D6S3YJxO64q2Ay2XIs,yTTtyORFmujQXWMUlYErMf75Zljw7U8bGHipLZRMJKVx1xGgiZyp-veu,Eyvt_d7bniTnvVquNATn8Lnv3ro9D7vAwfg7MGmZ-t_zX_zVG06kO-JDuoM55R8JhcP03AoD55LZfw,다시 시작up,29,1584248928000,49
145,E_Wn8d90Fg--BTGi4IMgAbDcE8wcrIAQMO0NRmLkSGC8fA,NivLJk0nL9E3ahVtps_ZERX3TybTnPNGoktGAqdMLWk-,Cy6hBJv8mFwraDSAXBStCl7KRG4fJxt5k319nojRbZeOa34MdMdabBUMchckg3NsB2s-aznNodpOPg,내큐를바드삼,3478,1584507144000,86
146,RTU1FjnLdm_ZaQ05beKDJDQz3Bko4xQpb4p7lXafbOQ9XfM,uiKJocl6u2U1oDMfZC-e0RQAwll9unhCUFls6Ob6Em_lYA8Fb_xOinFG,1H-Sxw0akGQu2MeD70e77yU2aN_9HD6j7i4rBox86YocD4cdWpeECAwp8hsSiZioS5BFecGjAzB3Qw,일곱번째다시왔어,23,1584601588000,58
147,KKOSbF_Ua54gIWYNnZZFN7yJ5ckwDJEY6-NSjhMNpkfceKc,beq5RLgCk_cT2wBGwPcHZ5m5-ocCVv_JKL5-etZOG6dlDxMpQ76I62OH,xDLMEAnZukgB2dWVP5F8oiqgI1VBQKDD2m4Oj2AYvrLSoMsRg8nMN12ml44KRs5xMJmaNqQn2tYSKQ,머 익,4026,1583441230000,154
148,iQOuroT3Mpm5VNgutYO6x_jpDCYHMT39mhq7jKsxz5Gtym0,z3BvI8ODjCcsG7_gb3Wqn4Fd45JA-8JDp7JL4DPnbJE9G-E,8KFNOcNLxX_mGHB5WIgb_mT8Milspn8ZJDBUgV0y2IwcmEdpkgMceRaC-MgPZ6CF_9ODSzl3uwvv2Q,BRION Wizer,1388,1584163786000,180
149,gRq-XA8uU_kr2LhXhaVSGQhXA505aTKdiHFaD6TlczuvSpw,x7tZmsQx2wP6ZLWgBJJcCmKiz5HSIm6xBSVVi5jV8rJn52c,ANvRTsDvIuYYSjT9gO0CuZazOKiLFk9eh5y78MTD5kXpc4-xNiwp-s6pk_azLjlTavcfN7eSp4wvdw,문수야,23,1584505297000,463
150,U-LHwRiabV-5sKfyF_xPXn6ycqUXoj2p9rZNsqLD-4mO9sw,oI-aOr6XsnnL9NPa7tBfx1VkQU_Gbs6L6fWVeUFbHFf0JN1-_xjzhmWN,3Uz0e_Wy7vB4S6d7-eEBPlyXhc1bWgKUusEHnvLNn93EsEsCCj0ufs96CIwweXrEkJ3EWTmMiIRBJQ,돼지 같은 팀원,4492,1584350715000,156
151,MC7PfpbDnwdO6Kj6G_WvmrwtMF0So2gG8AL47Ghj3x60ZCs,VdIZLFcfLgxuXMyCcBZKwuYUjXTRVvuQ0MZBJl01Ry1BhxM,aoDV_ROJww39qYoebmokfV09NQQIqca5S1LlWmzoma9wEYi_EIfALL59H9sEkr1tPh_PPncpt-sstw,weset,23,1584577629000,351
152,2ifzmJqnJIH4QuAMYApPY6e8iKs1r_8ePIZWkUxzsnKYm94,54g2mylLhnguPB5MgZYhfoeBf52G2wrI_yPYbmaI7gHh_Ng,w6rHvCUxn9XptjgKCijOWxgFymxR1C8Rg5ulUDtclSoTs1mSjAUUPmXYySYn5yuj9xB4LB_6PLaifQ,솔로다리우스,1298,1584163930000,237
153,Cx8a07zvo8UxkVzXROw8UuFFeZb95u_y1D7WSQPOTMZ_CdQ,qjOlFrxlaB9TjzXibgMUwlFu_qdaZ0hhkKijfCcgOJRhbU8,q9OutflfaMTiEFOWD0eHAJT65dPjXQy35QICLTG3TaPYj-HEalPBfH-y2w0BFxUbrDfAZIH8RnjL_A,유튜브 깻잎한장,4428,1584604818000,167
154,1I2AeAntOYvaQ97io6E7ND8ZKj931VPW10wpTyFdZ6i6Tg,tR3xnBh9-uLXfg0PKIQfPVUA06w67KJqH-0FffbZIp7T,v3e_gKgB98uAzcbzyuCn-NYCRS_QaeixcLmoRNYTV_P-QN98YMelWlU9KCIBT22h3rk5GvlRHrHREw,기도메타올라프,577,1584482235000,206
155,BuEmf5H2a-cMqAnbo6yzAdldY8a0x6ergpVqmlWYi-azuGM,I4Y8IuprEKLa9IcVrvHMojV-qgn4aRNzt7hkx-WuooilaRWgiTo4Hbot,qwncqBxrgw4OlQc_Xml5gUBZKfBvl7jHDNy40dL1mkqpNyOw0CratJAeljy4yd2ZUNX8NwLQkiI48g,Shadow2023,4294,1584059480000,129
156,OkEksttDYJq7NM4lT1mJ6BwkwWX93JWhFiygK1VeiYDhYE0,_j2XeHhHiVO2QXAW2qKMhkFEYtNGKbFoXEzo5lQivB5BPa8tcNmV0Gfb,g8lDMXnunbYy6C53vyi2koLXkzSYHdXbVyCRTN8ccfkhpNSiD-8qR6TWDqhjmgnOFONVEeT5YZWJPg,김머띵,2075,1584535994000,73
157,IVt76EuHykX_cKFaNfn--hwQL0R3uS4I10y72qBFzLZpcw,5R1CO_SiHTQ41_gJX1Q6TZpDszk2K7LAtsfx552wEm3J,B4e05uIJ8d1EZlm1vVjggXRLrLq7XPOa_U6U8NrLlTj5_HWdT-cGvUAHW97ZL4j8MNSfGDMlRkkqbg,Pedeo,4495,1584240482000,244
158,-EiBHgk_UgVFpqy8JItgzP5JO_dAXlvQk4zWJ8oHNZ-KHQs,IpKe8Xa5TSzBmZGUxSmhb0bJah4WiHVeeC6Gr7IBRO98JYw,g-oi-rWynS7uvd1edgF-r0-PfPh-8Yv4brTedA2zNbhzYh0AQzmTNI-Z3wHj0VEutxwz_EEwgLHM_Q,JiayouJiayou1,4353,1584477539000,182
159,AlbfVqeqiXRjzHDuXTJLREpZmxgrLkeP18lFMRWMr5RI1q4,9K8VWl0eGUr1sCFRVVG9BU3QTq4c89gyLNttCaA2K5jMSuPmuPoaeOTS,CM_3cxX9LUCsjaFPDvVjIxmcv-p5Xc3mc-0X4BsR16ELBTkvVbCc0wLDFMIZXJ-lA4_QEFD1EEGf2Q,AviD Glory,20,1584672004000,65
160,3Nzx4ORhxaWwqZsIw0-y9SdFdYIPQAJHvui1tBp394SjVa4,D9QIm-zfiiPtirs_Onxu5UeNur8tnGmFcMhsvqK_XYLXFYk,_fHV4MrypCYljgiD1GeazuxmL3Wg5Nal2OG3diXUF-9yxarcy8wBW351NgXki5Zb36Vv483zYkAiOw,테디만나면롤접음,4491,1584637871000,145
161,M4CQcT6Eu0FOXzaX6ZNAV9ljtI419v3QM4i0DHl3XXw9xEE,kcSifeqjL7JJIdgBIxO2RBKmmLu2TBDPcHXUVIs6o-zOtCk,qAfzB29D5gF3Tvfkh9JTMdash_ilz3_T8f5PVcTbLIChgW2lBcFS9bYBL-f2_ftF01sLpk75H0dfqA,HLE Lava,4450,1584319640000,258
162,3Vc_G5mB3kb1DxOn52lMjmFT5xOzuPefj9kxKHabEvDbKVM,tMqzIAzZwEVmKVpifga8YaU0K-XIzmlFw8dWNe9rv3AqJhmVWD61L6HS,0-BwgyRV7i-iitBSFni7MwFs2SBhwPaK5muC3Trw_notxlG0eDYK-CIAvvOSEEyETvXwCDewDnX4BA,12312312312asdf,0,1584516422000,64
163,ZbJuytRYbvqQNKAhipd6Eyn3JZekPa6ersiy-6LXg9XCLNQ,I2dKFum-JpGUi5n7LklhKie_ULzOQ8t_B9rE9wl2V0M1KaI,SHPm_GuxAPsOQqTpQyL7EPSvy3O3J4ksQXeEbVDCrhExfxMUFe-U_UudyMTOGNfgMRhfh8zH6thUaw,순대국밥형미드,4428,1584695295000,200
164,pReFWXumZk2PY6yV7yiH9IGCFgeFH4x2rgjqMeNA9EhVYQ,l1p378EBh1sABr9kxeKS4Vhx27eivk5xRiK20bjRMzlE,UnQ_r1EGbnjUdwfuAEZhzOkDqm8EOkiiupMDNsUW8sbxpMiixkpbmpCyuDSSDHT3zLmqEHsD4nSedw,통제할수있는화,4022,1584603694000,234
165,NIOvYV8VC483qjGVC1IH0mtx4pdoNwm3E7lVaxumHhg5uMA,ydkSRDZNUENHR-IZdt9C9UV0bOtxcFLokV0_XEPB2UgwQ8o0KwC6E8hv,b87R-Bes8vhrNIthSrcAMp1Pfg-K8rq6aWNjsBsPTbFuqZqqARiVGI2YkIpwNxa2dnxCE9QXSbLGkw,Youtube 썩계,4490,1584624714000,121
166,xkup8QCEzHme56NndJ_S9rqHwIvGjWu8fz-ccrNdvexOt3g,d_K65YFzEhCHknn59V_TYug8pd4QPJL2Ua-UvJ48keDTK6lvW654DrEO,XHNuxBIDVDIncGy1oWnNjljzNUkzdUbEU1EqKLtkb_4utzOPH3eCurajyqgVG4T-bNmRtGP0fayeag,2020 1월 27일,29,1584524517000,44
167,FzbI6TrYLV6wLUTSMG0Tc9_7QOz56n_N202oW356U2Z5aKc,vJx1KGS4mVpvLocQXVliEc9-iSK8ow8bclFXTtJr60C6Shk,DaIzR79OwgX49RmPlJLrCyUaYytARJlyV9QUn2EnbuESMadrJR-IqoSaYR4GN-AXSwtBDBtbhpb0xQ,지 누 교,4294,1582829040000,238
168,bjWTEwvD-4KBy5-L0WtkwXQLTU_HsDd1et02EGQ04M3W_fQ,ze_vG9pP9XHvKcNSt3vNcP3_fQ2jD5iOWWa7ts9uSA6HC0o,Do0x10ukqVnclca-AZtc9uYNcjLWdzbUxTX1dkbXKrqaP9UsC7zM0Uk0JeMOKh93LvoYLLeUQGSviA,하 퀸,3376,1584167399000,195
169,joeRpUlw8U3WULNq77RW1ApnXcWMikUSo5z8v9YtCI83sGI,B4rAPBjWX-N9YFTwaYB_0EpDTYAHkqAYpQG-pjau8AHPrIE,0ePZwywq8OZmLmV-TDMKv0JHpqvxMaZ64w2UQolWGRqq_XCfzaJQJuhgs1lVrrc1YTBCxvV1AqRLyg,찬우정,1626,1583946369000,202
170,LAuwNrlvHOIRbBA-sqt7lx9MELoN7CUeEvv3BsmGYz7BdSg,TKtQY_4mLa74ZLdp2bYuld11jvFEUzpZz3InxSYwiuGuRo4,HVae4vT1KZ8RE5Pjy5WMdYEAutVjE5HcDw8GSlvN91VtAJdcMzhuwaFYIFwWDYrZxMxGuNvx5uPGXQ,주먹밥쿵야1,1089,1584390734000,181
171,BbFK3pbeLRs2ChZswV-E1E1Xou4o1DXKaedupLBPpFGcvAA,s1rTcJTFw-Iu10q78Ent-3rGoF92-fJVtqMEC9aKYrLugSULgib9IcZn,XHfPiMIhonlCWajtkS417si1W2J31-h9KucNzSrRejyJ9WC8xFCLaN1lZXIlDSzHCiSzxTYCHZudgw,고1프로지망,1597,1584594789000,101
172,-vmft2tzWVmHmAmGiQaeTjmA8YT6xMC7FAryoWS6S8ZAqrM,cAaaY2QW2XEsCo5PUBieV8iEl17iGBVm7S14zWkNmkrcRNZAtJ4JXH_9,TT5mi2H_VXCFiFiUybvPAtU-CLMiov10GoHf1VYgld4rBo9xlFL42parnTjfc3S6CH-YAnNoYflgtg,xybq,935,1584187414000,73
173,hpi4HP020dEwmYUh9fLrwN68aiMjrbhXORXJvu0l1IA-k4Q,Aw_QIC1VLkO6JaEan1DLvicJJVdOrGZxJQ_qYhNOjeVwdUKFhA4Ox0gg,BNU-5FSYiXX157My6FmCsGar054gKR-GuhaZbOCfobQ0ZDLcA8b0V9Ni3SJWP6vrt5hAPtLJ0hABOw,ELaB BAekHO,4244,1584477071000,137
174,K9lOLaRkwTi5S4w5NaUE9VCS2eVn1jbEbYZrAe9uyp7z1Qk,Zky_g5DaFDEVkbgKmSU0sxXNp0UqYDybSRI6lq9-WZlqfWdbY5-Mv7xy,RJIhycTxmYu9KmvOfYeZosfr02SHpfVa0sKhDe2CyGVa7EpeFSdhLrqDEhS8k5KHD0HIWWcHnxyjsg,playkalista mdie,847,1584704568000,59
175,w25WspTVI1NPgR0N_bY6aNqAORHpG55juXckoRdsOe1CkQ,SqFo_2KhXowuI5ppX53ArSpB7RwhD7ZElFYEnlwhSwtS,fnXU3ftgI-H6N7TE54hJVbHqTiQhwHhcVxd8gB50vw07ygw5hizuoYh6AdCJ7uy3emob66wgBK3DVg,인천토종닭,1391,1584186235000,206
176,Wg22HtAUGwsRpjjGVvXiDbAvZKQbAE6dnuHPfQxlWtpzDt0,VD7kucq3EBVhz_QH4WwduNAw_Nlb9x2c2oZP_d8JY9Y7lDQ,HNqDokd7qvlUxQUTygJQVIZknaYgpX-N7Pgv3eyNDFWAR9YJJ4gGdMt-TNgWxwvvUG1EBYQOQdTfEw,쩜 훈,3811,1584240119000,269
177,8tzMhko1WHBeMD_ItGr-D_a4Wb_-aN_DiK4tZswJIPNLhSU,MnsTcWAVa7irgdAZl57i5Y_bnw8bWuSEIFnb2jfX8nBPJSljaPGl3U0U,z8AtXLwtKDlnQhTUN3V_P7avkJH0Ds6CPWImZ1rL5cHpy3CCXG0v5LieF_MNjzuncyjcxXqy3njOuw,1v5 LOOK ME,7,1584260396000,48
178,9tkXPEOJTSQEjQ5v_vjlhNRawMp8iiZPxMafW9QBL6rTtHI,MQVSNdHOlQ_mZzr3WlsuRwC4h8f13XVvbQS6CXUA6hHcw8c2gVWSNmXd,3lhL4ZQLB3aS2uRWP_4aOzz0ZUJvkNJ6HsZyeSwxhhaFlTsURBEKore_39OlXsjRH5_ni4ujPjCB7w,pupurourou,4379,1583768019000,69
179,NjvRaWJM9PTy_qxfx-2vzFt4RSxC81cEWo1nB-adsUvKFd8,1NeSEl6g3PLR9ffpVUrNnHHnCdY4WQPMDcezXaSzx02Dvks,vJ08ySU86CpuLd-2h8mUa1ywQrudEjeht2A4-twGcZniBZXm7rOH2ivmL0vkuA--09k2LlNMyuok-g,글가꼴픽좀하지마,1666,1584525381000,247
180,Utk_W6LGrHVeAYsEPjLPCtd1NO8PDk_6STully32MEuQ77k,kfqVL7NreUoRcY4_03G4LXHpg-6Xe7SjoMcEmLcXxYx2HYrmy6QuFCFa,WloUt4AXaTBoV1KvdTJCtDlLRQ-raUCJOfQJyGDldo8i1vPhK-kQzg84YrvQ1B6zT0lJNI9pKnDUNw,BDN0tail,4162,1584584893000,54
181,zMjPayByN4a6o41uNVKp0yNlK55eOZajuNs9zMUFJqxBuw,nk288d6Uenrdsen-kmxxULMBtCFf9SMH3ecBJwxti2ct,el-op85uoNaSsqJft5xc6n-5XeF0bcCbXig-IwI_qsvZK39c4Iz-C0MuBGZOUHL2s09PGocg9s44uQ,득이님,10,1584699389000,139
182,cL5sWuuQefcLIdFymk9DtHPDgjIV1weC4YqfnprdL5Ns-o0,w1XXB_rYezjCpL60R51dcLaOYEoNxZMab4YqDdujuUJ3xKhG1lNr3fqY,PPrVFlsqZDL10Tl79nDJjoWrsBYOqgwx1laCVdj95xcnzZ8hNTLKHu_qDfOS9kDG6e8uZq7NOwCCHw,Lab C,7,1584539575000,93
183,M0beyN_M1wwIjiUe8mEKac8vcn13d10c7ufyLEopCQGiOk0,rgrRACQ0Tnlp_Bn8Igv588UZ3upa7NMWqu2IChF4-1QVP8onbm49cKgv,Mev2nTke6ji-0d7v7rySJ-YG7Hr63e1FSMJEu24oN-1L8hMbnHiJwVGzypB3xP-kjwnipqeoHqJExQ,Nisu,29,1584097563000,38
184,jHAQYfdVVaL99lG82UTX-XpviqzIrOIq91SbkeLCob4W3Rg,NCCS7mG8JviFgGNn1p8D5UGmsWT11VN_Ajvw7B_Q7VBlXZg,vEiurdgw9Mxmdn528Au6I5znhFc0HH4GGXvhXXkUj3Yq9o_7WjpqmfLE4BhfYMAhNovFaBJJeBK43A,취향특이한도구,4027,1584704319000,148
185,u9lDOHfJPBGan9vEruQXLnOHRgYfaz48vlfPlNYr87T887E,Vwa2N2TrmIbZu2wcXljK8UE22E-waaib77kKhwe4HPSiSn852IDS6zzg,eJQNjb5loaoZvy_2vFpFPWF9iXjha1y-ubjNQo-p_uajC2UNZ0EF65wjNoo9_jRKXzICWoesiKfXyw,엘리펀트 미스틱,4020,1584395122000,228
186,-FHdz4DLdSK70lSrmMi3t7BgZeuW6Tor0Ohf1u3leGUfWFI,8yHsF4b5h-3lxg5_9YaziJbYhC3pOhMsiBGqVGFnnsC0drc,e6Bj0zeKKGGJe7KTRNEw-cCjn7axjzmCUzXhh3eypRPZiyOA77bs0przXTlKa3CvThI5aSkCmH17Ew,불꽃남자신동진,0,1584572185000,131
187,fR5LJULRB237dUBMPnbeDBy6d4oLpPbP6OGYYSfGhjiwRnQ,ZrQYfR1ev0DLwFwNyebSj7Yhcucj7ugDv_hw5XRH52vpzl8,0tRLeiu_erjh8XYqzcJ0_i_jZ-EkRWaz3mCRN2GsDx2JirtTDAOG5tHHQt6D-w84mmK-PHCsKl8D4w,환리승,4495,1584580680000,128
188,FyzsKmRHWdK5HhQ3h0fUw_UApZRCpw56aYxVSle144gZXqQ,5aiAUP52qq3KD818n5h4Me5YAjNF2_7333DA_KuoIdrq5xM,nhroXmF20Df19BgZQ8wCtjirU0mMKJdz2bULUu4uEaiOUIgBkn_qSx7JDy4NDg-D4iH8lK8mzAu-aA,Youtube 쫌남TV,4491,1584580281000,64
189,nJRn5O8dA3fyI-DAfXsy2ewi5JqFvp8b0zQnFEElIRheqrE,k-dg-ol3wt_qaGpVSBOk0P0sr_FuxZ2IgmADG1yS2hMe0CQ,ZY87vWqZSQ02hC5tUJF3bgxpGo-apqGr6yW4yjadQ2jzqRpvtIrFQtip2mGuckmqkF7CZ0Oh83fjzA,내가 모 하는건지,4022,1584712540000,460
190,lwzSOw89slRXa6R2tV07_6YUFFOp7VWrRKmQr6fDA4AHbxQ,jE7S9NnE_dTlQrK1jupUosjGSnpio1cejAR6dSl10JK5g9RN40Uczxc1,U55zorMkD_ZcCWY2tXl2_NYF7GPo0PgeuGNSmolRyia1mhgj6OXEbRJalCQfaKWKR5KxNBWLYOH2Zg,zhen de lan ,4025,1584272860000,58
191,As6WkAUuaflVNOLBD4figAMaTiHSMJ7UzE-bakWIbvD6IA,0xBD8aNA5LxYq8_odotOcVg1275IGMtI3zRtbnLBVdBi,XIWSQLcERR5x6NW_z-kaca-B4_RlZMp7DHm9lCFCsEy8axKIditozgP0Atg3b_NhmYGWY3MV9xKKHw,zer그링,4491,1584468185000,152
192,CMg8ZIzucPdQkVjbMVaz9yVpBEdpmPAjTvCHZrE1JDtZgcQ,8NEo4zy-LS5gMPmwK1LnyRwFhsz2OsMcQfPJkyhe8O-FVZ8,9ycqBUIGVnQJRI9innARZbJSDLTttaEsKXJHJKamMDVm1PpaBgZF1LluJiQzsJj4H9pHvfudbaMhQw,ELaB Prep,4492,1584404165000,193
193,tOLIrNl3wqZ8r0L_xravpGxV6izEhMJiQsvJB_ZoeBhPVio,iKMYh25Tthk7JTAXJD_HhleI1ReQz2gS4RMiP-4-Z-ZXSS5OMTs-y9KA,EH3tMWxwW91xuOicupnJl3EvRss_6Fe-WfZfna9bu_tPH_3S3OAtBBKyHAfivziZh9-3dQXl9U9-bw,HeyGirl GG,1393,1584582442000,71
194,P7yCNXKLiAXjLas9wlTFL33MDmvKOhfY_m7x8Ivw5ey0r-g,x9gXbKiYkSdPHDUbUvqWGbZslqj16leHk8bzODauZzyuiKHnrCTblJHU,sdXv5psxCaIa1GHYclyf-u0YIq7uTVm1TtZogO7wq9Z-Dp5yBrKKuth2HjN6wDAaX2pV9AENtHO16w,Yemao,3550,1584256167000,89
195,STp-GfLYw0WYX45baVCN1-9z1u_tr62p0kKlkLrhqOj4u24,42EcJcPga3kMbSpmNtto0Sbnnse6bN9pncqCfHTxyBe--5g,1TiCf6j1IddLS9X8RhqMKonDgroWlRcgZ9IU1t-07O_t2TccNK7-apERcyVlKrrxoleqh4CmjbxlpA,젠지설거지지망생,4492,1584145253000,77
196,6XMI2tAKDc7XVzp_Vz_66VyOj80e3fF3CyeQtY48C0hWoNk,VRUY_kGrNQl_RcPDRC7DPMd8aW5DOAQjIUizeF-7-5v53HI,4Xv6PGbcT2Iybgttylx6945o9g7ExDwtCmiGmS_W9Zd9nRtwj_s9wUOV0NYkrIIlm8MP_Sch4xWaZQ,전혀 희망 없어요,3890,1583827113000,245
197,aVjfv-SASXNqovY_e19sX6b7Xa18mQ4MWRiwz52-F2aiwJI,rWR7BrEX1SGrxGbGSrHrStRV2uRFe5cX5tzbqGAq1DiOwt0,imPIcSXFhz_wyT7TRe55kZJKcg4Lj5HAHlob7BZyZ7N-kyEPennKA8k_-tK6Ebc-Nomc9qUfnFPd_Q,라면은물붓고3분,665,1584580469000,166
198,fPXnfiMXcAMLc3jp96LLutzcu24_m96Q1bN6mXnlPxevNsI,PTfe_-iZm4fhnfmdSNuAtJhb6jWRFypULEPl4aBWK3l58A0Mkvgrc4FF,tYQdiy4IdXfhuHag_gYibYc7WGqP6zVjF-kz7tmSCRLhAwKD0IrJVXOBkg1ReX97nj7iBHh1TEwYDg,i am lose,4086,1584448788000,189
199,t5SagGtCcV0VNYlAkzOVDX3h-cnCmx8XRlN4zAe0rLFzl1k,OM0uTg9ip_csqLc7b4IyPOy4-NeE6CftZfqo3OyK_qcYlalw8V2fEWvy,3mqlWCXlbRpR_ljw64hNETUU8Lf4AvjbopexusSDbX8zJ7d-12lKXuQl5u6dLhnbOBhjI2a2HgBLuQ,xunxunxun,3867,1584448788000,86
